"date","count","package","version"
2019-06-15,191,"rjwsacruncher","rjwsacruncher_0.1.0"
2019-06-16,189,"rjwsacruncher","rjwsacruncher_0.1.0"
2019-06-17,10,"rjwsacruncher","rjwsacruncher_0.1.0"
2019-06-18,9,"rjwsacruncher","rjwsacruncher_0.1.0"
2019-06-19,2,"rjwsacruncher","rjwsacruncher_0.1.0"
2019-06-20,5,"rjwsacruncher","rjwsacruncher_0.1.0"
2019-06-21,10,"rjwsacruncher","rjwsacruncher_0.1.0"
2019-06-22,4,"rjwsacruncher","rjwsacruncher_0.1.0"
2019-06-23,1,"rjwsacruncher","rjwsacruncher_0.1.0"
2019-06-24,4,"rjwsacruncher","rjwsacruncher_0.1.0"
2019-06-25,12,"rjwsacruncher","rjwsacruncher_0.1.0"
2019-06-26,7,"rjwsacruncher","rjwsacruncher_0.1.0"
2019-06-27,4,"rjwsacruncher","rjwsacruncher_0.1.0"
2019-06-28,10,"rjwsacruncher","rjwsacruncher_0.1.0"
2019-06-29,5,"rjwsacruncher","rjwsacruncher_0.1.0"
2019-06-30,1,"rjwsacruncher","rjwsacruncher_0.1.0"
2019-07-01,11,"rjwsacruncher","rjwsacruncher_0.1.0"
2019-07-02,5,"rjwsacruncher","rjwsacruncher_0.1.0"
2019-07-03,9,"rjwsacruncher","rjwsacruncher_0.1.0"
2019-07-04,6,"rjwsacruncher","rjwsacruncher_0.1.0"
2019-07-05,7,"rjwsacruncher","rjwsacruncher_0.1.0"
2019-07-06,7,"rjwsacruncher","rjwsacruncher_0.1.0"
2019-07-07,8,"rjwsacruncher","rjwsacruncher_0.1.0"
2019-07-08,11,"rjwsacruncher","rjwsacruncher_0.1.0"
2019-07-09,42,"rjwsacruncher","rjwsacruncher_0.1.0"
2019-07-10,10,"rjwsacruncher","rjwsacruncher_0.1.0"
2019-07-11,10,"rjwsacruncher","rjwsacruncher_0.1.0"
2019-07-12,8,"rjwsacruncher","rjwsacruncher_0.1.0"
2019-07-13,12,"rjwsacruncher","rjwsacruncher_0.1.0"
2019-07-14,5,"rjwsacruncher","rjwsacruncher_0.1.0"
2019-07-15,6,"rjwsacruncher","rjwsacruncher_0.1.0"
2019-07-16,8,"rjwsacruncher","rjwsacruncher_0.1.0"
2019-07-17,5,"rjwsacruncher","rjwsacruncher_0.1.0"
2019-07-18,26,"rjwsacruncher","rjwsacruncher_0.1.0"
2019-07-19,10,"rjwsacruncher","rjwsacruncher_0.1.0"
2019-07-20,8,"rjwsacruncher","rjwsacruncher_0.1.0"
2019-07-21,16,"rjwsacruncher","rjwsacruncher_0.1.0"
2019-07-22,24,"rjwsacruncher","rjwsacruncher_0.1.0"
2019-07-23,15,"rjwsacruncher","rjwsacruncher_0.1.0"
2019-07-24,4,"rjwsacruncher","rjwsacruncher_0.1.0"
2019-07-25,10,"rjwsacruncher","rjwsacruncher_0.1.0"
2019-07-26,3,"rjwsacruncher","rjwsacruncher_0.1.0"
2019-07-27,8,"rjwsacruncher","rjwsacruncher_0.1.0"
2019-07-28,0,"rjwsacruncher","rjwsacruncher_0.1.0"
2019-07-29,6,"rjwsacruncher","rjwsacruncher_0.1.0"
2019-07-30,14,"rjwsacruncher","rjwsacruncher_0.1.0"
2019-07-31,9,"rjwsacruncher","rjwsacruncher_0.1.0"
2019-08-01,2,"rjwsacruncher","rjwsacruncher_0.1.0"
2019-08-02,6,"rjwsacruncher","rjwsacruncher_0.1.0"
2019-08-03,1,"rjwsacruncher","rjwsacruncher_0.1.0"
2019-08-04,2,"rjwsacruncher","rjwsacruncher_0.1.0"
2019-08-05,6,"rjwsacruncher","rjwsacruncher_0.1.0"
2019-08-06,9,"rjwsacruncher","rjwsacruncher_0.1.0"
2019-08-07,20,"rjwsacruncher","rjwsacruncher_0.1.0"
2019-08-08,5,"rjwsacruncher","rjwsacruncher_0.1.0"
2019-08-09,6,"rjwsacruncher","rjwsacruncher_0.1.0"
2019-08-10,5,"rjwsacruncher","rjwsacruncher_0.1.0"
2019-08-11,12,"rjwsacruncher","rjwsacruncher_0.1.0"
2019-08-12,7,"rjwsacruncher","rjwsacruncher_0.1.0"
2019-08-13,2,"rjwsacruncher","rjwsacruncher_0.1.0"
2019-08-14,7,"rjwsacruncher","rjwsacruncher_0.1.0"
2019-08-15,3,"rjwsacruncher","rjwsacruncher_0.1.0"
2019-08-16,8,"rjwsacruncher","rjwsacruncher_0.1.0"
2019-08-17,5,"rjwsacruncher","rjwsacruncher_0.1.0"
2019-08-18,4,"rjwsacruncher","rjwsacruncher_0.1.0"
2019-08-19,6,"rjwsacruncher","rjwsacruncher_0.1.0"
2019-08-20,2,"rjwsacruncher","rjwsacruncher_0.1.0"
2019-08-21,6,"rjwsacruncher","rjwsacruncher_0.1.0"
2019-08-22,7,"rjwsacruncher","rjwsacruncher_0.1.0"
2019-08-23,7,"rjwsacruncher","rjwsacruncher_0.1.0"
2019-08-24,3,"rjwsacruncher","rjwsacruncher_0.1.0"
2019-08-25,2,"rjwsacruncher","rjwsacruncher_0.1.0"
2019-08-26,3,"rjwsacruncher","rjwsacruncher_0.1.0"
2019-08-27,3,"rjwsacruncher","rjwsacruncher_0.1.0"
2019-08-28,3,"rjwsacruncher","rjwsacruncher_0.1.0"
2019-08-29,7,"rjwsacruncher","rjwsacruncher_0.1.0"
2019-08-30,30,"rjwsacruncher","rjwsacruncher_0.1.0"
2019-08-31,5,"rjwsacruncher","rjwsacruncher_0.1.0"
2019-09-01,5,"rjwsacruncher","rjwsacruncher_0.1.0"
2019-09-02,6,"rjwsacruncher","rjwsacruncher_0.1.0"
2019-09-03,9,"rjwsacruncher","rjwsacruncher_0.1.0"
2019-09-04,11,"rjwsacruncher","rjwsacruncher_0.1.0"
2019-09-05,13,"rjwsacruncher","rjwsacruncher_0.1.0"
2019-09-06,10,"rjwsacruncher","rjwsacruncher_0.1.0"
2019-09-07,4,"rjwsacruncher","rjwsacruncher_0.1.0"
2019-09-08,5,"rjwsacruncher","rjwsacruncher_0.1.0"
2019-09-09,5,"rjwsacruncher","rjwsacruncher_0.1.0"
2019-09-10,12,"rjwsacruncher","rjwsacruncher_0.1.0"
2019-09-11,8,"rjwsacruncher","rjwsacruncher_0.1.0"
2019-09-12,11,"rjwsacruncher","rjwsacruncher_0.1.0"
2019-09-13,7,"rjwsacruncher","rjwsacruncher_0.1.0"
2019-09-14,9,"rjwsacruncher","rjwsacruncher_0.1.0"
2019-09-15,13,"rjwsacruncher","rjwsacruncher_0.1.0"
2019-09-16,13,"rjwsacruncher","rjwsacruncher_0.1.0"
2019-09-17,32,"rjwsacruncher","rjwsacruncher_0.1.0"
2019-09-18,16,"rjwsacruncher","rjwsacruncher_0.1.0"
2019-09-19,8,"rjwsacruncher","rjwsacruncher_0.1.0"
2019-09-20,10,"rjwsacruncher","rjwsacruncher_0.1.0"
2019-09-21,8,"rjwsacruncher","rjwsacruncher_0.1.0"
2019-09-22,5,"rjwsacruncher","rjwsacruncher_0.1.0"
2019-09-23,11,"rjwsacruncher","rjwsacruncher_0.1.0"
2019-09-24,6,"rjwsacruncher","rjwsacruncher_0.1.0"
2019-09-25,15,"rjwsacruncher","rjwsacruncher_0.1.0"
2019-09-26,2,"rjwsacruncher","rjwsacruncher_0.1.0"
2019-09-27,4,"rjwsacruncher","rjwsacruncher_0.1.0"
2019-09-28,4,"rjwsacruncher","rjwsacruncher_0.1.0"
2019-09-29,3,"rjwsacruncher","rjwsacruncher_0.1.0"
2019-09-30,10,"rjwsacruncher","rjwsacruncher_0.1.0"
2019-10-01,28,"rjwsacruncher","rjwsacruncher_0.1.0"
2019-10-02,8,"rjwsacruncher","rjwsacruncher_0.1.0"
2019-10-03,2,"rjwsacruncher","rjwsacruncher_0.1.0"
2019-10-04,3,"rjwsacruncher","rjwsacruncher_0.1.0"
2019-10-05,5,"rjwsacruncher","rjwsacruncher_0.1.0"
2019-10-06,8,"rjwsacruncher","rjwsacruncher_0.1.0"
2019-10-07,4,"rjwsacruncher","rjwsacruncher_0.1.0"
2019-10-08,4,"rjwsacruncher","rjwsacruncher_0.1.0"
2019-10-09,8,"rjwsacruncher","rjwsacruncher_0.1.0"
2019-10-10,5,"rjwsacruncher","rjwsacruncher_0.1.0"
2019-10-11,12,"rjwsacruncher","rjwsacruncher_0.1.0"
2019-10-12,7,"rjwsacruncher","rjwsacruncher_0.1.0"
2019-10-13,7,"rjwsacruncher","rjwsacruncher_0.1.0"
2019-10-14,15,"rjwsacruncher","rjwsacruncher_0.1.0"
2019-10-15,10,"rjwsacruncher","rjwsacruncher_0.1.0"
2019-10-16,3,"rjwsacruncher","rjwsacruncher_0.1.0"
2019-10-17,9,"rjwsacruncher","rjwsacruncher_0.1.0"
2019-10-18,6,"rjwsacruncher","rjwsacruncher_0.1.0"
2019-10-19,5,"rjwsacruncher","rjwsacruncher_0.1.0"
2019-10-20,3,"rjwsacruncher","rjwsacruncher_0.1.0"
2019-10-21,6,"rjwsacruncher","rjwsacruncher_0.1.0"
2019-10-22,21,"rjwsacruncher","rjwsacruncher_0.1.0"
2019-10-23,12,"rjwsacruncher","rjwsacruncher_0.1.0"
2019-10-24,8,"rjwsacruncher","rjwsacruncher_0.1.0"
2019-10-25,3,"rjwsacruncher","rjwsacruncher_0.1.0"
2019-10-26,4,"rjwsacruncher","rjwsacruncher_0.1.0"
2019-10-27,4,"rjwsacruncher","rjwsacruncher_0.1.0"
2019-10-28,3,"rjwsacruncher","rjwsacruncher_0.1.0"
2019-10-29,6,"rjwsacruncher","rjwsacruncher_0.1.0"
2019-10-30,6,"rjwsacruncher","rjwsacruncher_0.1.0"
2019-10-31,5,"rjwsacruncher","rjwsacruncher_0.1.0"
2019-11-01,6,"rjwsacruncher","rjwsacruncher_0.1.0"
2019-11-02,4,"rjwsacruncher","rjwsacruncher_0.1.0"
2019-11-03,4,"rjwsacruncher","rjwsacruncher_0.1.0"
2019-11-04,3,"rjwsacruncher","rjwsacruncher_0.1.0"
2019-11-05,10,"rjwsacruncher","rjwsacruncher_0.1.0"
2019-11-06,11,"rjwsacruncher","rjwsacruncher_0.1.0"
2019-11-07,6,"rjwsacruncher","rjwsacruncher_0.1.0"
2019-11-08,11,"rjwsacruncher","rjwsacruncher_0.1.0"
2019-11-09,4,"rjwsacruncher","rjwsacruncher_0.1.0"
2019-11-10,3,"rjwsacruncher","rjwsacruncher_0.1.0"
2019-11-11,10,"rjwsacruncher","rjwsacruncher_0.1.0"
2019-11-12,4,"rjwsacruncher","rjwsacruncher_0.1.0"
2019-11-13,5,"rjwsacruncher","rjwsacruncher_0.1.0"
2019-11-14,10,"rjwsacruncher","rjwsacruncher_0.1.0"
2019-11-15,6,"rjwsacruncher","rjwsacruncher_0.1.0"
2019-11-16,3,"rjwsacruncher","rjwsacruncher_0.1.0"
2019-11-17,4,"rjwsacruncher","rjwsacruncher_0.1.0"
2019-11-18,7,"rjwsacruncher","rjwsacruncher_0.1.0"
2019-11-19,8,"rjwsacruncher","rjwsacruncher_0.1.0"
2019-11-20,12,"rjwsacruncher","rjwsacruncher_0.1.0"
2019-11-21,7,"rjwsacruncher","rjwsacruncher_0.1.0"
2019-11-22,11,"rjwsacruncher","rjwsacruncher_0.1.0"
2019-11-23,9,"rjwsacruncher","rjwsacruncher_0.1.0"
2019-11-24,8,"rjwsacruncher","rjwsacruncher_0.1.0"
2019-11-25,6,"rjwsacruncher","rjwsacruncher_0.1.0"
2019-11-26,4,"rjwsacruncher","rjwsacruncher_0.1.0"
2019-11-27,9,"rjwsacruncher","rjwsacruncher_0.1.0"
2019-11-28,16,"rjwsacruncher","rjwsacruncher_0.1.0"
2019-11-29,8,"rjwsacruncher","rjwsacruncher_0.1.0"
2019-11-30,10,"rjwsacruncher","rjwsacruncher_0.1.0"
2019-12-01,8,"rjwsacruncher","rjwsacruncher_0.1.0"
2019-12-02,5,"rjwsacruncher","rjwsacruncher_0.1.0"
2019-12-03,2,"rjwsacruncher","rjwsacruncher_0.1.0"
2019-12-04,12,"rjwsacruncher","rjwsacruncher_0.1.0"
2019-12-05,2,"rjwsacruncher","rjwsacruncher_0.1.0"
2019-12-06,12,"rjwsacruncher","rjwsacruncher_0.1.0"
2019-12-07,4,"rjwsacruncher","rjwsacruncher_0.1.0"
2019-12-08,8,"rjwsacruncher","rjwsacruncher_0.1.0"
2019-12-09,5,"rjwsacruncher","rjwsacruncher_0.1.0"
2019-12-10,5,"rjwsacruncher","rjwsacruncher_0.1.0"
2019-12-11,15,"rjwsacruncher","rjwsacruncher_0.1.0"
2019-12-12,8,"rjwsacruncher","rjwsacruncher_0.1.0"
2019-12-13,10,"rjwsacruncher","rjwsacruncher_0.1.0"
2019-12-14,5,"rjwsacruncher","rjwsacruncher_0.1.0"
2019-12-15,9,"rjwsacruncher","rjwsacruncher_0.1.0"
2019-12-16,12,"rjwsacruncher","rjwsacruncher_0.1.0"
2019-12-17,8,"rjwsacruncher","rjwsacruncher_0.1.0"
2019-12-18,6,"rjwsacruncher","rjwsacruncher_0.1.0"
2019-12-19,5,"rjwsacruncher","rjwsacruncher_0.1.0"
2019-12-20,28,"rjwsacruncher","rjwsacruncher_0.1.0"
2019-12-21,10,"rjwsacruncher","rjwsacruncher_0.1.0"
2019-12-22,13,"rjwsacruncher","rjwsacruncher_0.1.0"
2019-12-23,10,"rjwsacruncher","rjwsacruncher_0.1.0"
2019-12-24,7,"rjwsacruncher","rjwsacruncher_0.1.0"
2019-12-25,9,"rjwsacruncher","rjwsacruncher_0.1.0"
2019-12-26,11,"rjwsacruncher","rjwsacruncher_0.1.0"
2019-12-27,10,"rjwsacruncher","rjwsacruncher_0.1.0"
2019-12-28,6,"rjwsacruncher","rjwsacruncher_0.1.0"
2019-12-29,11,"rjwsacruncher","rjwsacruncher_0.1.0"
2019-12-30,15,"rjwsacruncher","rjwsacruncher_0.1.0"
2019-12-31,11,"rjwsacruncher","rjwsacruncher_0.1.0"
2020-01-01,16,"rjwsacruncher","rjwsacruncher_0.1.0"
2020-01-02,12,"rjwsacruncher","rjwsacruncher_0.1.0"
2020-01-03,11,"rjwsacruncher","rjwsacruncher_0.1.0"
2020-01-04,22,"rjwsacruncher","rjwsacruncher_0.1.0"
2020-01-05,9,"rjwsacruncher","rjwsacruncher_0.1.0"
2020-01-06,12,"rjwsacruncher","rjwsacruncher_0.1.0"
2020-01-07,15,"rjwsacruncher","rjwsacruncher_0.1.0"
2020-01-08,25,"rjwsacruncher","rjwsacruncher_0.1.0"
2020-01-09,18,"rjwsacruncher","rjwsacruncher_0.1.0"
2020-01-10,13,"rjwsacruncher","rjwsacruncher_0.1.0"
2020-01-11,15,"rjwsacruncher","rjwsacruncher_0.1.0"
2020-01-12,10,"rjwsacruncher","rjwsacruncher_0.1.0"
2020-01-13,10,"rjwsacruncher","rjwsacruncher_0.1.0"
2020-01-14,12,"rjwsacruncher","rjwsacruncher_0.1.0"
2020-01-15,10,"rjwsacruncher","rjwsacruncher_0.1.0"
2020-01-16,16,"rjwsacruncher","rjwsacruncher_0.1.0"
2020-01-17,15,"rjwsacruncher","rjwsacruncher_0.1.0"
2020-01-18,7,"rjwsacruncher","rjwsacruncher_0.1.0"
2020-01-19,11,"rjwsacruncher","rjwsacruncher_0.1.0"
2020-01-20,37,"rjwsacruncher","rjwsacruncher_0.1.0"
2020-01-21,16,"rjwsacruncher","rjwsacruncher_0.1.0"
2020-01-22,12,"rjwsacruncher","rjwsacruncher_0.1.0"
2020-01-23,29,"rjwsacruncher","rjwsacruncher_0.1.0"
2020-01-24,15,"rjwsacruncher","rjwsacruncher_0.1.0"
2020-01-25,13,"rjwsacruncher","rjwsacruncher_0.1.0"
2020-01-26,17,"rjwsacruncher","rjwsacruncher_0.1.0"
2020-01-27,12,"rjwsacruncher","rjwsacruncher_0.1.0"
2020-01-28,15,"rjwsacruncher","rjwsacruncher_0.1.0"
2020-01-29,20,"rjwsacruncher","rjwsacruncher_0.1.0"
2020-01-30,12,"rjwsacruncher","rjwsacruncher_0.1.0"
2020-01-31,13,"rjwsacruncher","rjwsacruncher_0.1.0"
2020-02-01,14,"rjwsacruncher","rjwsacruncher_0.1.0"
2020-02-02,12,"rjwsacruncher","rjwsacruncher_0.1.0"
2020-02-03,6,"rjwsacruncher","rjwsacruncher_0.1.0"
2020-02-04,10,"rjwsacruncher","rjwsacruncher_0.1.0"
2020-02-05,14,"rjwsacruncher","rjwsacruncher_0.1.0"
2020-02-06,17,"rjwsacruncher","rjwsacruncher_0.1.0"
2020-02-07,13,"rjwsacruncher","rjwsacruncher_0.1.0"
2020-02-08,22,"rjwsacruncher","rjwsacruncher_0.1.0"
2020-02-09,9,"rjwsacruncher","rjwsacruncher_0.1.0"
2020-02-10,9,"rjwsacruncher","rjwsacruncher_0.1.0"
2020-02-11,12,"rjwsacruncher","rjwsacruncher_0.1.0"
2020-02-12,11,"rjwsacruncher","rjwsacruncher_0.1.0"
2020-02-13,12,"rjwsacruncher","rjwsacruncher_0.1.0"
2020-02-14,14,"rjwsacruncher","rjwsacruncher_0.1.0"
2020-02-15,12,"rjwsacruncher","rjwsacruncher_0.1.0"
2020-02-16,11,"rjwsacruncher","rjwsacruncher_0.1.0"
2020-02-17,8,"rjwsacruncher","rjwsacruncher_0.1.0"
2020-02-18,9,"rjwsacruncher","rjwsacruncher_0.1.0"
2020-02-19,12,"rjwsacruncher","rjwsacruncher_0.1.0"
2020-02-20,11,"rjwsacruncher","rjwsacruncher_0.1.0"
2020-02-21,15,"rjwsacruncher","rjwsacruncher_0.1.0"
2020-02-22,8,"rjwsacruncher","rjwsacruncher_0.1.0"
2020-02-23,18,"rjwsacruncher","rjwsacruncher_0.1.0"
2020-02-24,13,"rjwsacruncher","rjwsacruncher_0.1.0"
2020-02-25,10,"rjwsacruncher","rjwsacruncher_0.1.0"
2020-02-26,12,"rjwsacruncher","rjwsacruncher_0.1.0"
2020-02-27,10,"rjwsacruncher","rjwsacruncher_0.1.0"
2020-02-28,10,"rjwsacruncher","rjwsacruncher_0.1.0"
2020-02-29,2,"rjwsacruncher","rjwsacruncher_0.1.0"
2020-03-01,15,"rjwsacruncher","rjwsacruncher_0.1.0"
2020-03-02,8,"rjwsacruncher","rjwsacruncher_0.1.0"
2020-03-03,11,"rjwsacruncher","rjwsacruncher_0.1.0"
2020-03-04,19,"rjwsacruncher","rjwsacruncher_0.1.0"
2020-03-05,9,"rjwsacruncher","rjwsacruncher_0.1.0"
2020-03-06,15,"rjwsacruncher","rjwsacruncher_0.1.0"
2020-03-07,11,"rjwsacruncher","rjwsacruncher_0.1.0"
2020-03-08,13,"rjwsacruncher","rjwsacruncher_0.1.0"
2020-03-09,16,"rjwsacruncher","rjwsacruncher_0.1.0"
2020-03-10,14,"rjwsacruncher","rjwsacruncher_0.1.0"
2020-03-11,4,"rjwsacruncher","rjwsacruncher_0.1.0"
2020-03-12,18,"rjwsacruncher","rjwsacruncher_0.1.0"
2020-03-13,12,"rjwsacruncher","rjwsacruncher_0.1.0"
2020-03-14,8,"rjwsacruncher","rjwsacruncher_0.1.0"
2020-03-15,7,"rjwsacruncher","rjwsacruncher_0.1.0"
2020-03-16,19,"rjwsacruncher","rjwsacruncher_0.1.0"
2020-03-17,11,"rjwsacruncher","rjwsacruncher_0.1.0"
2020-03-18,5,"rjwsacruncher","rjwsacruncher_0.1.0"
2020-03-19,11,"rjwsacruncher","rjwsacruncher_0.1.0"
2020-03-20,11,"rjwsacruncher","rjwsacruncher_0.1.0"
2020-03-21,11,"rjwsacruncher","rjwsacruncher_0.1.0"
2020-03-22,8,"rjwsacruncher","rjwsacruncher_0.1.0"
2020-03-23,10,"rjwsacruncher","rjwsacruncher_0.1.0"
2020-03-24,6,"rjwsacruncher","rjwsacruncher_0.1.0"
2020-03-25,13,"rjwsacruncher","rjwsacruncher_0.1.0"
2020-03-26,13,"rjwsacruncher","rjwsacruncher_0.1.0"
2020-03-27,4,"rjwsacruncher","rjwsacruncher_0.1.0"
2020-03-28,10,"rjwsacruncher","rjwsacruncher_0.1.0"
2020-03-29,17,"rjwsacruncher","rjwsacruncher_0.1.0"
2020-03-30,18,"rjwsacruncher","rjwsacruncher_0.1.0"
2020-03-31,16,"rjwsacruncher","rjwsacruncher_0.1.0"
2020-04-01,11,"rjwsacruncher","rjwsacruncher_0.1.0"
2020-04-02,9,"rjwsacruncher","rjwsacruncher_0.1.0"
2020-04-03,14,"rjwsacruncher","rjwsacruncher_0.1.0"
2020-04-04,10,"rjwsacruncher","rjwsacruncher_0.1.0"
2020-04-05,13,"rjwsacruncher","rjwsacruncher_0.1.0"
2020-04-06,19,"rjwsacruncher","rjwsacruncher_0.1.0"
2020-04-07,18,"rjwsacruncher","rjwsacruncher_0.1.0"
2020-04-08,19,"rjwsacruncher","rjwsacruncher_0.1.0"
2020-04-09,18,"rjwsacruncher","rjwsacruncher_0.1.0"
2020-04-10,10,"rjwsacruncher","rjwsacruncher_0.1.0"
2020-04-11,6,"rjwsacruncher","rjwsacruncher_0.1.0"
2020-04-12,12,"rjwsacruncher","rjwsacruncher_0.1.0"
2020-04-13,10,"rjwsacruncher","rjwsacruncher_0.1.0"
2020-04-14,11,"rjwsacruncher","rjwsacruncher_0.1.0"
2020-04-15,26,"rjwsacruncher","rjwsacruncher_0.1.0"
2020-04-16,16,"rjwsacruncher","rjwsacruncher_0.1.0"
2020-04-17,19,"rjwsacruncher","rjwsacruncher_0.1.0"
2020-04-18,6,"rjwsacruncher","rjwsacruncher_0.1.0"
2020-04-19,2,"rjwsacruncher","rjwsacruncher_0.1.0"
2020-04-20,6,"rjwsacruncher","rjwsacruncher_0.1.0"
2020-04-21,11,"rjwsacruncher","rjwsacruncher_0.1.0"
2020-04-22,23,"rjwsacruncher","rjwsacruncher_0.1.0"
2020-04-23,11,"rjwsacruncher","rjwsacruncher_0.1.0"
2020-04-24,14,"rjwsacruncher","rjwsacruncher_0.1.0"
2020-04-25,22,"rjwsacruncher","rjwsacruncher_0.1.0"
2020-04-26,12,"rjwsacruncher","rjwsacruncher_0.1.0"
2020-04-27,15,"rjwsacruncher","rjwsacruncher_0.1.0"
2020-04-28,20,"rjwsacruncher","rjwsacruncher_0.1.0"
2020-04-29,27,"rjwsacruncher","rjwsacruncher_0.1.0"
2020-04-30,15,"rjwsacruncher","rjwsacruncher_0.1.0"
2020-05-01,16,"rjwsacruncher","rjwsacruncher_0.1.0"
2020-05-02,26,"rjwsacruncher","rjwsacruncher_0.1.0"
2020-05-03,17,"rjwsacruncher","rjwsacruncher_0.1.0"
2020-05-04,18,"rjwsacruncher","rjwsacruncher_0.1.0"
2020-05-05,11,"rjwsacruncher","rjwsacruncher_0.1.0"
2020-05-06,22,"rjwsacruncher","rjwsacruncher_0.1.0"
2020-05-07,22,"rjwsacruncher","rjwsacruncher_0.1.0"
2020-05-08,13,"rjwsacruncher","rjwsacruncher_0.1.0"
2020-05-09,20,"rjwsacruncher","rjwsacruncher_0.1.0"
2020-05-10,49,"rjwsacruncher","rjwsacruncher_0.1.0"
2020-05-11,36,"rjwsacruncher","rjwsacruncher_0.1.0"
2020-05-12,18,"rjwsacruncher","rjwsacruncher_0.1.0"
2020-05-13,15,"rjwsacruncher","rjwsacruncher_0.1.0"
2020-05-14,10,"rjwsacruncher","rjwsacruncher_0.1.0"
2020-05-15,12,"rjwsacruncher","rjwsacruncher_0.1.0"
2020-05-16,12,"rjwsacruncher","rjwsacruncher_0.1.0"
2020-05-17,14,"rjwsacruncher","rjwsacruncher_0.1.0"
2020-05-18,19,"rjwsacruncher","rjwsacruncher_0.1.0"
2020-05-19,15,"rjwsacruncher","rjwsacruncher_0.1.0"
2020-05-20,15,"rjwsacruncher","rjwsacruncher_0.1.0"
2020-05-21,9,"rjwsacruncher","rjwsacruncher_0.1.0"
2020-05-22,10,"rjwsacruncher","rjwsacruncher_0.1.0"
2020-05-23,8,"rjwsacruncher","rjwsacruncher_0.1.0"
2020-05-24,9,"rjwsacruncher","rjwsacruncher_0.1.0"
2020-05-25,8,"rjwsacruncher","rjwsacruncher_0.1.0"
2020-05-26,12,"rjwsacruncher","rjwsacruncher_0.1.0"
2020-05-27,14,"rjwsacruncher","rjwsacruncher_0.1.0"
2020-05-28,12,"rjwsacruncher","rjwsacruncher_0.1.0"
2020-05-29,16,"rjwsacruncher","rjwsacruncher_0.1.0"
2020-05-30,10,"rjwsacruncher","rjwsacruncher_0.1.0"
2020-05-31,22,"rjwsacruncher","rjwsacruncher_0.1.0"
2020-06-01,11,"rjwsacruncher","rjwsacruncher_0.1.0"
2020-06-02,13,"rjwsacruncher","rjwsacruncher_0.1.0"
2020-06-03,10,"rjwsacruncher","rjwsacruncher_0.1.0"
2020-06-04,11,"rjwsacruncher","rjwsacruncher_0.1.0"
2020-06-05,10,"rjwsacruncher","rjwsacruncher_0.1.0"
2020-06-06,7,"rjwsacruncher","rjwsacruncher_0.1.0"
2020-06-07,13,"rjwsacruncher","rjwsacruncher_0.1.0"
2020-06-08,14,"rjwsacruncher","rjwsacruncher_0.1.0"
2020-06-09,11,"rjwsacruncher","rjwsacruncher_0.1.0"
2020-06-10,16,"rjwsacruncher","rjwsacruncher_0.1.0"
2020-06-11,19,"rjwsacruncher","rjwsacruncher_0.1.0"
2020-06-12,10,"rjwsacruncher","rjwsacruncher_0.1.0"
2020-06-13,10,"rjwsacruncher","rjwsacruncher_0.1.0"
2020-06-14,11,"rjwsacruncher","rjwsacruncher_0.1.0"
2020-06-15,13,"rjwsacruncher","rjwsacruncher_0.1.0"
2020-06-16,14,"rjwsacruncher","rjwsacruncher_0.1.0"
2020-06-17,13,"rjwsacruncher","rjwsacruncher_0.1.0"
2020-06-18,24,"rjwsacruncher","rjwsacruncher_0.1.0"
2020-06-19,21,"rjwsacruncher","rjwsacruncher_0.1.0"
2020-06-20,9,"rjwsacruncher","rjwsacruncher_0.1.0"
2020-06-21,13,"rjwsacruncher","rjwsacruncher_0.1.0"
2020-06-22,13,"rjwsacruncher","rjwsacruncher_0.1.0"
2020-06-23,25,"rjwsacruncher","rjwsacruncher_0.1.0"
2020-06-24,11,"rjwsacruncher","rjwsacruncher_0.1.0"
2020-06-25,11,"rjwsacruncher","rjwsacruncher_0.1.0"
2020-06-26,17,"rjwsacruncher","rjwsacruncher_0.1.0"
2020-06-27,11,"rjwsacruncher","rjwsacruncher_0.1.0"
2020-06-28,11,"rjwsacruncher","rjwsacruncher_0.1.0"
2020-06-29,13,"rjwsacruncher","rjwsacruncher_0.1.0"
2020-06-30,7,"rjwsacruncher","rjwsacruncher_0.1.0"
2020-07-01,12,"rjwsacruncher","rjwsacruncher_0.1.0"
2020-07-02,10,"rjwsacruncher","rjwsacruncher_0.1.0"
2020-07-03,13,"rjwsacruncher","rjwsacruncher_0.1.0"
2020-07-04,8,"rjwsacruncher","rjwsacruncher_0.1.0"
2020-07-05,8,"rjwsacruncher","rjwsacruncher_0.1.0"
2020-07-06,15,"rjwsacruncher","rjwsacruncher_0.1.0"
2020-07-07,22,"rjwsacruncher","rjwsacruncher_0.1.0"
2020-07-08,15,"rjwsacruncher","rjwsacruncher_0.1.0"
2020-07-09,10,"rjwsacruncher","rjwsacruncher_0.1.0"
2020-07-10,11,"rjwsacruncher","rjwsacruncher_0.1.0"
2020-07-11,7,"rjwsacruncher","rjwsacruncher_0.1.0"
2020-07-12,11,"rjwsacruncher","rjwsacruncher_0.1.0"
2020-07-13,13,"rjwsacruncher","rjwsacruncher_0.1.0"
2020-07-14,12,"rjwsacruncher","rjwsacruncher_0.1.0"
2020-07-15,11,"rjwsacruncher","rjwsacruncher_0.1.0"
2020-07-16,11,"rjwsacruncher","rjwsacruncher_0.1.0"
2020-07-17,10,"rjwsacruncher","rjwsacruncher_0.1.0"
2020-07-18,20,"rjwsacruncher","rjwsacruncher_0.1.0"
2020-07-19,11,"rjwsacruncher","rjwsacruncher_0.1.0"
2020-07-20,10,"rjwsacruncher","rjwsacruncher_0.1.0"
2020-07-21,16,"rjwsacruncher","rjwsacruncher_0.1.0"
2020-07-22,11,"rjwsacruncher","rjwsacruncher_0.1.0"
2020-07-23,9,"rjwsacruncher","rjwsacruncher_0.1.0"
2020-07-24,10,"rjwsacruncher","rjwsacruncher_0.1.0"
2020-07-25,15,"rjwsacruncher","rjwsacruncher_0.1.0"
2020-07-26,12,"rjwsacruncher","rjwsacruncher_0.1.0"
2020-07-27,7,"rjwsacruncher","rjwsacruncher_0.1.0"
2020-07-28,7,"rjwsacruncher","rjwsacruncher_0.1.0"
2020-07-29,8,"rjwsacruncher","rjwsacruncher_0.1.0"
2020-07-30,12,"rjwsacruncher","rjwsacruncher_0.1.0"
2020-07-31,4,"rjwsacruncher","rjwsacruncher_0.1.0"
2020-08-01,0,"rjwsacruncher","rjwsacruncher_0.1.0"
2020-08-02,9,"rjwsacruncher","rjwsacruncher_0.1.0"
2020-08-03,10,"rjwsacruncher","rjwsacruncher_0.1.0"
2020-08-04,13,"rjwsacruncher","rjwsacruncher_0.1.0"
2020-08-05,15,"rjwsacruncher","rjwsacruncher_0.1.0"
2020-08-06,13,"rjwsacruncher","rjwsacruncher_0.1.0"
2020-08-07,18,"rjwsacruncher","rjwsacruncher_0.1.0"
2020-08-08,11,"rjwsacruncher","rjwsacruncher_0.1.0"
2020-08-09,11,"rjwsacruncher","rjwsacruncher_0.1.0"
2020-08-10,16,"rjwsacruncher","rjwsacruncher_0.1.0"
2020-08-11,10,"rjwsacruncher","rjwsacruncher_0.1.0"
2020-08-12,22,"rjwsacruncher","rjwsacruncher_0.1.0"
2020-08-13,15,"rjwsacruncher","rjwsacruncher_0.1.0"
2020-08-14,12,"rjwsacruncher","rjwsacruncher_0.1.0"
2020-08-15,7,"rjwsacruncher","rjwsacruncher_0.1.0"
2020-08-16,7,"rjwsacruncher","rjwsacruncher_0.1.0"
2020-08-17,12,"rjwsacruncher","rjwsacruncher_0.1.0"
2020-08-18,15,"rjwsacruncher","rjwsacruncher_0.1.0"
2020-08-19,15,"rjwsacruncher","rjwsacruncher_0.1.0"
2020-08-20,10,"rjwsacruncher","rjwsacruncher_0.1.0"
2020-08-21,14,"rjwsacruncher","rjwsacruncher_0.1.0"
2020-08-22,9,"rjwsacruncher","rjwsacruncher_0.1.0"
2020-08-23,7,"rjwsacruncher","rjwsacruncher_0.1.0"
2020-08-24,24,"rjwsacruncher","rjwsacruncher_0.1.0"
2020-08-25,12,"rjwsacruncher","rjwsacruncher_0.1.0"
2020-08-26,10,"rjwsacruncher","rjwsacruncher_0.1.0"
2020-08-27,10,"rjwsacruncher","rjwsacruncher_0.1.0"
2020-08-28,7,"rjwsacruncher","rjwsacruncher_0.1.0"
2020-08-29,12,"rjwsacruncher","rjwsacruncher_0.1.0"
2020-08-30,15,"rjwsacruncher","rjwsacruncher_0.1.0"
2020-08-31,11,"rjwsacruncher","rjwsacruncher_0.1.0"
2020-09-01,14,"rjwsacruncher","rjwsacruncher_0.1.0"
2020-09-02,11,"rjwsacruncher","rjwsacruncher_0.1.0"
2020-09-03,16,"rjwsacruncher","rjwsacruncher_0.1.0"
2020-09-04,12,"rjwsacruncher","rjwsacruncher_0.1.0"
2020-09-05,14,"rjwsacruncher","rjwsacruncher_0.1.0"
2020-09-06,19,"rjwsacruncher","rjwsacruncher_0.1.0"
2020-09-07,20,"rjwsacruncher","rjwsacruncher_0.1.0"
2020-09-08,27,"rjwsacruncher","rjwsacruncher_0.1.0"
2020-09-09,17,"rjwsacruncher","rjwsacruncher_0.1.0"
2020-09-10,13,"rjwsacruncher","rjwsacruncher_0.1.0"
2020-09-11,17,"rjwsacruncher","rjwsacruncher_0.1.0"
2020-09-12,19,"rjwsacruncher","rjwsacruncher_0.1.0"
2020-09-13,15,"rjwsacruncher","rjwsacruncher_0.1.0"
2020-09-14,28,"rjwsacruncher","rjwsacruncher_0.1.0"
2020-09-15,15,"rjwsacruncher","rjwsacruncher_0.1.0"
2020-09-16,12,"rjwsacruncher","rjwsacruncher_0.1.0"
2020-09-17,34,"rjwsacruncher","rjwsacruncher_0.1.0"
2020-09-18,23,"rjwsacruncher","rjwsacruncher_0.1.0"
2020-09-19,11,"rjwsacruncher","rjwsacruncher_0.1.0"
2020-09-20,17,"rjwsacruncher","rjwsacruncher_0.1.0"
2020-09-21,17,"rjwsacruncher","rjwsacruncher_0.1.0"
2020-09-22,17,"rjwsacruncher","rjwsacruncher_0.1.0"
2020-09-23,18,"rjwsacruncher","rjwsacruncher_0.1.0"
2020-09-24,9,"rjwsacruncher","rjwsacruncher_0.1.0"
2020-09-25,8,"rjwsacruncher","rjwsacruncher_0.1.0"
2020-09-26,8,"rjwsacruncher","rjwsacruncher_0.1.0"
2020-09-27,9,"rjwsacruncher","rjwsacruncher_0.1.0"
2020-09-28,16,"rjwsacruncher","rjwsacruncher_0.1.0"
2020-09-29,14,"rjwsacruncher","rjwsacruncher_0.1.0"
2020-09-30,20,"rjwsacruncher","rjwsacruncher_0.1.0"
2020-10-01,15,"rjwsacruncher","rjwsacruncher_0.1.0"
2020-10-02,13,"rjwsacruncher","rjwsacruncher_0.1.0"
2020-10-03,13,"rjwsacruncher","rjwsacruncher_0.1.0"
2020-10-04,14,"rjwsacruncher","rjwsacruncher_0.1.0"
2020-10-05,14,"rjwsacruncher","rjwsacruncher_0.1.0"
2020-10-06,10,"rjwsacruncher","rjwsacruncher_0.1.0"
2020-10-07,9,"rjwsacruncher","rjwsacruncher_0.1.0"
2020-10-08,9,"rjwsacruncher","rjwsacruncher_0.1.0"
2020-10-09,9,"rjwsacruncher","rjwsacruncher_0.1.0"
2020-10-10,13,"rjwsacruncher","rjwsacruncher_0.1.0"
2020-10-11,8,"rjwsacruncher","rjwsacruncher_0.1.0"
2020-10-12,8,"rjwsacruncher","rjwsacruncher_0.1.0"
2020-10-13,17,"rjwsacruncher","rjwsacruncher_0.1.0"
2020-10-14,12,"rjwsacruncher","rjwsacruncher_0.1.0"
2020-10-15,7,"rjwsacruncher","rjwsacruncher_0.1.0"
2020-10-16,11,"rjwsacruncher","rjwsacruncher_0.1.0"
2020-10-17,1,"rjwsacruncher","rjwsacruncher_0.1.0"
2020-10-18,6,"rjwsacruncher","rjwsacruncher_0.1.0"
2020-10-19,16,"rjwsacruncher","rjwsacruncher_0.1.0"
2020-10-20,12,"rjwsacruncher","rjwsacruncher_0.1.0"
2020-10-21,12,"rjwsacruncher","rjwsacruncher_0.1.0"
2020-10-22,13,"rjwsacruncher","rjwsacruncher_0.1.0"
2020-10-23,16,"rjwsacruncher","rjwsacruncher_0.1.0"
2020-10-24,15,"rjwsacruncher","rjwsacruncher_0.1.0"
2020-10-25,13,"rjwsacruncher","rjwsacruncher_0.1.0"
2020-10-26,10,"rjwsacruncher","rjwsacruncher_0.1.0"
2020-10-27,12,"rjwsacruncher","rjwsacruncher_0.1.0"
2020-10-28,13,"rjwsacruncher","rjwsacruncher_0.1.0"
2020-10-29,21,"rjwsacruncher","rjwsacruncher_0.1.0"
2020-10-30,10,"rjwsacruncher","rjwsacruncher_0.1.0"
2020-10-31,9,"rjwsacruncher","rjwsacruncher_0.1.0"
2020-11-01,8,"rjwsacruncher","rjwsacruncher_0.1.0"
2020-11-02,5,"rjwsacruncher","rjwsacruncher_0.1.0"
2020-11-03,18,"rjwsacruncher","rjwsacruncher_0.1.0"
2020-11-04,9,"rjwsacruncher","rjwsacruncher_0.1.0"
2020-11-05,18,"rjwsacruncher","rjwsacruncher_0.1.0"
2020-11-06,15,"rjwsacruncher","rjwsacruncher_0.1.0"
2020-11-07,18,"rjwsacruncher","rjwsacruncher_0.1.0"
2020-11-08,12,"rjwsacruncher","rjwsacruncher_0.1.0"
2020-11-09,17,"rjwsacruncher","rjwsacruncher_0.1.0"
2020-11-10,19,"rjwsacruncher","rjwsacruncher_0.1.0"
2020-11-11,19,"rjwsacruncher","rjwsacruncher_0.1.0"
2020-11-12,19,"rjwsacruncher","rjwsacruncher_0.1.0"
2020-11-13,12,"rjwsacruncher","rjwsacruncher_0.1.0"
2020-11-14,7,"rjwsacruncher","rjwsacruncher_0.1.0"
2020-11-15,10,"rjwsacruncher","rjwsacruncher_0.1.0"
2020-11-16,11,"rjwsacruncher","rjwsacruncher_0.1.0"
2020-11-17,13,"rjwsacruncher","rjwsacruncher_0.1.0"
2020-11-18,14,"rjwsacruncher","rjwsacruncher_0.1.0"
2020-11-19,14,"rjwsacruncher","rjwsacruncher_0.1.0"
2020-11-20,10,"rjwsacruncher","rjwsacruncher_0.1.0"
2020-11-21,7,"rjwsacruncher","rjwsacruncher_0.1.0"
2020-11-22,9,"rjwsacruncher","rjwsacruncher_0.1.0"
2020-11-23,9,"rjwsacruncher","rjwsacruncher_0.1.0"
2020-11-24,13,"rjwsacruncher","rjwsacruncher_0.1.0"
2020-11-25,10,"rjwsacruncher","rjwsacruncher_0.1.0"
2020-11-26,5,"rjwsacruncher","rjwsacruncher_0.1.0"
2020-11-27,8,"rjwsacruncher","rjwsacruncher_0.1.0"
2020-11-28,11,"rjwsacruncher","rjwsacruncher_0.1.0"
2020-11-29,8,"rjwsacruncher","rjwsacruncher_0.1.0"
2020-11-30,16,"rjwsacruncher","rjwsacruncher_0.1.0"
2020-12-01,12,"rjwsacruncher","rjwsacruncher_0.1.0"
2020-12-02,16,"rjwsacruncher","rjwsacruncher_0.1.0"
2020-12-03,15,"rjwsacruncher","rjwsacruncher_0.1.0"
2020-12-04,18,"rjwsacruncher","rjwsacruncher_0.1.0"
2020-12-05,10,"rjwsacruncher","rjwsacruncher_0.1.0"
2020-12-06,7,"rjwsacruncher","rjwsacruncher_0.1.0"
2020-12-07,9,"rjwsacruncher","rjwsacruncher_0.1.0"
2020-12-08,4,"rjwsacruncher","rjwsacruncher_0.1.0"
2020-12-09,14,"rjwsacruncher","rjwsacruncher_0.1.0"
2020-12-10,17,"rjwsacruncher","rjwsacruncher_0.1.0"
2020-12-11,15,"rjwsacruncher","rjwsacruncher_0.1.0"
2020-12-12,8,"rjwsacruncher","rjwsacruncher_0.1.0"
2020-12-13,12,"rjwsacruncher","rjwsacruncher_0.1.0"
2020-12-14,10,"rjwsacruncher","rjwsacruncher_0.1.0"
2020-12-15,9,"rjwsacruncher","rjwsacruncher_0.1.0"
2020-12-16,27,"rjwsacruncher","rjwsacruncher_0.1.0"
2020-12-17,17,"rjwsacruncher","rjwsacruncher_0.1.0"
2020-12-18,19,"rjwsacruncher","rjwsacruncher_0.1.0"
2020-12-19,8,"rjwsacruncher","rjwsacruncher_0.1.0"
2020-12-20,12,"rjwsacruncher","rjwsacruncher_0.1.0"
2020-12-21,10,"rjwsacruncher","rjwsacruncher_0.1.0"
2020-12-22,11,"rjwsacruncher","rjwsacruncher_0.1.0"
2020-12-23,9,"rjwsacruncher","rjwsacruncher_0.1.0"
2020-12-24,8,"rjwsacruncher","rjwsacruncher_0.1.0"
2020-12-25,8,"rjwsacruncher","rjwsacruncher_0.1.0"
2020-12-26,7,"rjwsacruncher","rjwsacruncher_0.1.0"
2020-12-27,6,"rjwsacruncher","rjwsacruncher_0.1.0"
2020-12-28,14,"rjwsacruncher","rjwsacruncher_0.1.0"
2020-12-29,11,"rjwsacruncher","rjwsacruncher_0.1.0"
2020-12-30,12,"rjwsacruncher","rjwsacruncher_0.1.0"
2020-12-31,8,"rjwsacruncher","rjwsacruncher_0.1.0"
2021-01-01,9,"rjwsacruncher","rjwsacruncher_0.1.0"
2021-01-02,9,"rjwsacruncher","rjwsacruncher_0.1.0"
2021-01-03,8,"rjwsacruncher","rjwsacruncher_0.1.0"
2021-01-04,9,"rjwsacruncher","rjwsacruncher_0.1.0"
2021-01-05,11,"rjwsacruncher","rjwsacruncher_0.1.0"
2021-01-06,10,"rjwsacruncher","rjwsacruncher_0.1.0"
2021-01-07,8,"rjwsacruncher","rjwsacruncher_0.1.0"
2021-01-08,7,"rjwsacruncher","rjwsacruncher_0.1.0"
2021-01-09,8,"rjwsacruncher","rjwsacruncher_0.1.0"
2021-01-10,8,"rjwsacruncher","rjwsacruncher_0.1.0"
2021-01-11,15,"rjwsacruncher","rjwsacruncher_0.1.0"
2021-01-12,9,"rjwsacruncher","rjwsacruncher_0.1.0"
2021-01-13,10,"rjwsacruncher","rjwsacruncher_0.1.0"
2021-01-14,14,"rjwsacruncher","rjwsacruncher_0.1.0"
2021-01-15,8,"rjwsacruncher","rjwsacruncher_0.1.0"
2021-01-16,6,"rjwsacruncher","rjwsacruncher_0.1.0"
2021-01-17,8,"rjwsacruncher","rjwsacruncher_0.1.0"
2021-01-18,5,"rjwsacruncher","rjwsacruncher_0.1.0"
2021-01-19,9,"rjwsacruncher","rjwsacruncher_0.1.0"
2021-01-20,10,"rjwsacruncher","rjwsacruncher_0.1.0"
2021-01-21,8,"rjwsacruncher","rjwsacruncher_0.1.0"
2021-01-22,3,"rjwsacruncher","rjwsacruncher_0.1.0"
2021-01-23,14,"rjwsacruncher","rjwsacruncher_0.1.0"
2021-01-24,6,"rjwsacruncher","rjwsacruncher_0.1.0"
2021-01-25,15,"rjwsacruncher","rjwsacruncher_0.1.0"
2021-01-26,9,"rjwsacruncher","rjwsacruncher_0.1.0"
2021-01-27,14,"rjwsacruncher","rjwsacruncher_0.1.0"
2021-01-28,3,"rjwsacruncher","rjwsacruncher_0.1.0"
2021-01-29,9,"rjwsacruncher","rjwsacruncher_0.1.0"
2021-01-30,9,"rjwsacruncher","rjwsacruncher_0.1.0"
2021-01-31,7,"rjwsacruncher","rjwsacruncher_0.1.0"
2021-02-01,11,"rjwsacruncher","rjwsacruncher_0.1.0"
2021-02-02,11,"rjwsacruncher","rjwsacruncher_0.1.0"
2021-02-03,9,"rjwsacruncher","rjwsacruncher_0.1.0"
2021-02-04,11,"rjwsacruncher","rjwsacruncher_0.1.0"
2021-02-05,8,"rjwsacruncher","rjwsacruncher_0.1.0"
2021-02-06,14,"rjwsacruncher","rjwsacruncher_0.1.0"
2021-02-07,13,"rjwsacruncher","rjwsacruncher_0.1.0"
2021-02-08,10,"rjwsacruncher","rjwsacruncher_0.1.0"
2021-02-09,11,"rjwsacruncher","rjwsacruncher_0.1.0"
2021-02-10,11,"rjwsacruncher","rjwsacruncher_0.1.0"
2021-02-11,15,"rjwsacruncher","rjwsacruncher_0.1.0"
2021-02-12,15,"rjwsacruncher","rjwsacruncher_0.1.0"
2021-02-13,15,"rjwsacruncher","rjwsacruncher_0.1.0"
2021-02-14,6,"rjwsacruncher","rjwsacruncher_0.1.0"
2021-02-15,11,"rjwsacruncher","rjwsacruncher_0.1.0"
2021-02-16,13,"rjwsacruncher","rjwsacruncher_0.1.0"
2021-02-17,13,"rjwsacruncher","rjwsacruncher_0.1.0"
2021-02-18,15,"rjwsacruncher","rjwsacruncher_0.1.0"
2021-02-19,16,"rjwsacruncher","rjwsacruncher_0.1.0"
2021-02-20,12,"rjwsacruncher","rjwsacruncher_0.1.0"
2021-02-21,12,"rjwsacruncher","rjwsacruncher_0.1.0"
2021-02-22,23,"rjwsacruncher","rjwsacruncher_0.1.0"
2021-02-23,7,"rjwsacruncher","rjwsacruncher_0.1.0"
2021-02-24,21,"rjwsacruncher","rjwsacruncher_0.1.0"
2021-02-25,15,"rjwsacruncher","rjwsacruncher_0.1.0"
2021-02-26,19,"rjwsacruncher","rjwsacruncher_0.1.0"
2021-02-27,13,"rjwsacruncher","rjwsacruncher_0.1.0"
2021-02-28,10,"rjwsacruncher","rjwsacruncher_0.1.0"
2021-03-01,11,"rjwsacruncher","rjwsacruncher_0.1.0"
2021-03-02,13,"rjwsacruncher","rjwsacruncher_0.1.0"
2021-03-03,21,"rjwsacruncher","rjwsacruncher_0.1.0"
2021-03-04,16,"rjwsacruncher","rjwsacruncher_0.1.0"
2021-03-05,18,"rjwsacruncher","rjwsacruncher_0.1.0"
2021-03-06,13,"rjwsacruncher","rjwsacruncher_0.1.0"
2021-03-07,12,"rjwsacruncher","rjwsacruncher_0.1.0"
2021-03-08,19,"rjwsacruncher","rjwsacruncher_0.1.0"
2021-03-09,12,"rjwsacruncher","rjwsacruncher_0.1.0"
2021-03-10,15,"rjwsacruncher","rjwsacruncher_0.1.0"
2021-03-11,11,"rjwsacruncher","rjwsacruncher_0.1.0"
2021-03-12,11,"rjwsacruncher","rjwsacruncher_0.1.0"
2021-03-13,17,"rjwsacruncher","rjwsacruncher_0.1.0"
2021-03-14,11,"rjwsacruncher","rjwsacruncher_0.1.0"
2021-03-15,10,"rjwsacruncher","rjwsacruncher_0.1.0"
2021-03-16,12,"rjwsacruncher","rjwsacruncher_0.1.0"
2021-03-17,17,"rjwsacruncher","rjwsacruncher_0.1.0"
2021-03-18,17,"rjwsacruncher","rjwsacruncher_0.1.0"
2021-03-19,3,"rjwsacruncher","rjwsacruncher_0.1.0"
2021-03-20,13,"rjwsacruncher","rjwsacruncher_0.1.0"
2021-03-21,6,"rjwsacruncher","rjwsacruncher_0.1.0"
2021-03-22,9,"rjwsacruncher","rjwsacruncher_0.1.0"
2021-03-23,5,"rjwsacruncher","rjwsacruncher_0.1.0"
2021-03-24,15,"rjwsacruncher","rjwsacruncher_0.1.0"
2021-03-25,7,"rjwsacruncher","rjwsacruncher_0.1.0"
2021-03-26,15,"rjwsacruncher","rjwsacruncher_0.1.0"
2021-03-27,3,"rjwsacruncher","rjwsacruncher_0.1.0"
2021-03-28,13,"rjwsacruncher","rjwsacruncher_0.1.0"
2021-03-29,5,"rjwsacruncher","rjwsacruncher_0.1.0"
2021-03-30,13,"rjwsacruncher","rjwsacruncher_0.1.0"
2021-03-31,10,"rjwsacruncher","rjwsacruncher_0.1.0"
2021-04-01,16,"rjwsacruncher","rjwsacruncher_0.1.0"
2021-04-02,2,"rjwsacruncher","rjwsacruncher_0.1.0"
2021-04-03,11,"rjwsacruncher","rjwsacruncher_0.1.0"
2021-04-04,5,"rjwsacruncher","rjwsacruncher_0.1.0"
2021-04-05,13,"rjwsacruncher","rjwsacruncher_0.1.0"
2021-04-06,4,"rjwsacruncher","rjwsacruncher_0.1.0"
2021-04-07,14,"rjwsacruncher","rjwsacruncher_0.1.0"
2021-04-08,18,"rjwsacruncher","rjwsacruncher_0.1.0"
2021-04-09,15,"rjwsacruncher","rjwsacruncher_0.1.0"
2021-04-10,12,"rjwsacruncher","rjwsacruncher_0.1.0"
2021-04-11,7,"rjwsacruncher","rjwsacruncher_0.1.0"
2021-04-12,19,"rjwsacruncher","rjwsacruncher_0.1.0"
2021-04-13,9,"rjwsacruncher","rjwsacruncher_0.1.0"
2021-04-14,14,"rjwsacruncher","rjwsacruncher_0.1.0"
2021-04-15,7,"rjwsacruncher","rjwsacruncher_0.1.0"
2021-04-16,12,"rjwsacruncher","rjwsacruncher_0.1.0"
2021-04-17,3,"rjwsacruncher","rjwsacruncher_0.1.0"
2021-04-18,17,"rjwsacruncher","rjwsacruncher_0.1.0"
2021-04-19,5,"rjwsacruncher","rjwsacruncher_0.1.0"
2021-04-20,17,"rjwsacruncher","rjwsacruncher_0.1.0"
2021-04-21,13,"rjwsacruncher","rjwsacruncher_0.1.0"
2021-04-22,18,"rjwsacruncher","rjwsacruncher_0.1.0"
2021-04-23,9,"rjwsacruncher","rjwsacruncher_0.1.0"
2021-04-24,17,"rjwsacruncher","rjwsacruncher_0.1.0"
2021-04-25,7,"rjwsacruncher","rjwsacruncher_0.1.0"
2021-04-26,17,"rjwsacruncher","rjwsacruncher_0.1.0"
2021-04-27,16,"rjwsacruncher","rjwsacruncher_0.1.0"
2021-04-28,19,"rjwsacruncher","rjwsacruncher_0.1.0"
2021-04-29,17,"rjwsacruncher","rjwsacruncher_0.1.0"
2021-04-30,8,"rjwsacruncher","rjwsacruncher_0.1.0"
2021-05-01,11,"rjwsacruncher","rjwsacruncher_0.1.0"
2021-05-02,9,"rjwsacruncher","rjwsacruncher_0.1.0"
2021-05-03,14,"rjwsacruncher","rjwsacruncher_0.1.0"
2021-05-04,20,"rjwsacruncher","rjwsacruncher_0.1.0"
2021-05-05,7,"rjwsacruncher","rjwsacruncher_0.1.0"
2021-05-06,25,"rjwsacruncher","rjwsacruncher_0.1.0"
2021-05-07,10,"rjwsacruncher","rjwsacruncher_0.1.0"
2021-05-08,9,"rjwsacruncher","rjwsacruncher_0.1.0"
2021-05-09,1,"rjwsacruncher","rjwsacruncher_0.1.0"
2021-05-10,13,"rjwsacruncher","rjwsacruncher_0.1.0"
2021-05-11,12,"rjwsacruncher","rjwsacruncher_0.1.0"
2021-05-12,20,"rjwsacruncher","rjwsacruncher_0.1.0"
2021-05-13,10,"rjwsacruncher","rjwsacruncher_0.1.0"
2021-05-14,16,"rjwsacruncher","rjwsacruncher_0.1.0"
2021-05-15,5,"rjwsacruncher","rjwsacruncher_0.1.0"
2021-05-16,12,"rjwsacruncher","rjwsacruncher_0.1.0"
2021-05-17,8,"rjwsacruncher","rjwsacruncher_0.1.0"
2021-05-18,24,"rjwsacruncher","rjwsacruncher_0.1.0"
2021-05-19,12,"rjwsacruncher","rjwsacruncher_0.1.0"
2021-05-20,25,"rjwsacruncher","rjwsacruncher_0.1.0"
2021-05-21,14,"rjwsacruncher","rjwsacruncher_0.1.0"
2021-05-22,16,"rjwsacruncher","rjwsacruncher_0.1.0"
2021-05-23,10,"rjwsacruncher","rjwsacruncher_0.1.0"
2021-05-24,11,"rjwsacruncher","rjwsacruncher_0.1.0"
2021-05-25,17,"rjwsacruncher","rjwsacruncher_0.1.0"
2021-05-26,6,"rjwsacruncher","rjwsacruncher_0.1.0"
2021-05-27,6,"rjwsacruncher","rjwsacruncher_0.1.0"
2021-05-28,9,"rjwsacruncher","rjwsacruncher_0.1.0"
2021-05-29,1,"rjwsacruncher","rjwsacruncher_0.1.0"
2021-05-30,12,"rjwsacruncher","rjwsacruncher_0.1.0"
2021-05-31,6,"rjwsacruncher","rjwsacruncher_0.1.0"
2021-06-01,10,"rjwsacruncher","rjwsacruncher_0.1.0"
2021-06-02,10,"rjwsacruncher","rjwsacruncher_0.1.0"
2021-06-03,10,"rjwsacruncher","rjwsacruncher_0.1.0"
2021-06-04,2,"rjwsacruncher","rjwsacruncher_0.1.0"
2021-06-05,6,"rjwsacruncher","rjwsacruncher_0.1.0"
2021-06-06,13,"rjwsacruncher","rjwsacruncher_0.1.0"
2021-06-07,3,"rjwsacruncher","rjwsacruncher_0.1.0"
2021-06-08,13,"rjwsacruncher","rjwsacruncher_0.1.0"
2021-06-09,5,"rjwsacruncher","rjwsacruncher_0.1.0"
2021-06-10,8,"rjwsacruncher","rjwsacruncher_0.1.0"
2021-06-11,7,"rjwsacruncher","rjwsacruncher_0.1.0"
2021-06-12,4,"rjwsacruncher","rjwsacruncher_0.1.0"
2021-06-13,9,"rjwsacruncher","rjwsacruncher_0.1.0"
2021-06-14,3,"rjwsacruncher","rjwsacruncher_0.1.0"
2021-06-15,5,"rjwsacruncher","rjwsacruncher_0.1.0"
2021-06-16,14,"rjwsacruncher","rjwsacruncher_0.1.0"
2021-06-17,6,"rjwsacruncher","rjwsacruncher_0.1.0"
2021-06-18,8,"rjwsacruncher","rjwsacruncher_0.1.0"
2021-06-19,7,"rjwsacruncher","rjwsacruncher_0.1.0"
2021-06-20,12,"rjwsacruncher","rjwsacruncher_0.1.0"
2021-06-21,5,"rjwsacruncher","rjwsacruncher_0.1.0"
2021-06-22,8,"rjwsacruncher","rjwsacruncher_0.1.0"
2021-06-23,6,"rjwsacruncher","rjwsacruncher_0.1.0"
2021-06-24,10,"rjwsacruncher","rjwsacruncher_0.1.0"
2021-06-25,3,"rjwsacruncher","rjwsacruncher_0.1.0"
2021-06-26,9,"rjwsacruncher","rjwsacruncher_0.1.0"
2021-06-27,5,"rjwsacruncher","rjwsacruncher_0.1.0"
2021-06-28,17,"rjwsacruncher","rjwsacruncher_0.1.0"
2021-06-29,6,"rjwsacruncher","rjwsacruncher_0.1.0"
2021-06-30,20,"rjwsacruncher","rjwsacruncher_0.1.0"
2021-07-01,10,"rjwsacruncher","rjwsacruncher_0.1.0"
2021-07-02,8,"rjwsacruncher","rjwsacruncher_0.1.0"
2021-07-03,10,"rjwsacruncher","rjwsacruncher_0.1.0"
2021-07-04,4,"rjwsacruncher","rjwsacruncher_0.1.0"
2021-07-05,12,"rjwsacruncher","rjwsacruncher_0.1.0"
2021-07-06,9,"rjwsacruncher","rjwsacruncher_0.1.0"
2021-07-07,9,"rjwsacruncher","rjwsacruncher_0.1.0"
2021-07-08,15,"rjwsacruncher","rjwsacruncher_0.1.0"
2021-07-09,6,"rjwsacruncher","rjwsacruncher_0.1.0"
2021-07-10,7,"rjwsacruncher","rjwsacruncher_0.1.0"
2021-07-11,6,"rjwsacruncher","rjwsacruncher_0.1.0"
2021-07-12,18,"rjwsacruncher","rjwsacruncher_0.1.0"
2021-07-13,8,"rjwsacruncher","rjwsacruncher_0.1.0"
2021-07-14,8,"rjwsacruncher","rjwsacruncher_0.1.0"
2021-07-15,5,"rjwsacruncher","rjwsacruncher_0.1.0"
2021-07-16,9,"rjwsacruncher","rjwsacruncher_0.1.0"
2021-07-17,5,"rjwsacruncher","rjwsacruncher_0.1.0"
2021-07-18,8,"rjwsacruncher","rjwsacruncher_0.1.0"
2021-07-19,5,"rjwsacruncher","rjwsacruncher_0.1.0"
2021-07-20,15,"rjwsacruncher","rjwsacruncher_0.1.0"
2021-07-21,9,"rjwsacruncher","rjwsacruncher_0.1.1"
2021-07-22,17,"rjwsacruncher","rjwsacruncher_0.1.1"
2021-07-23,16,"rjwsacruncher","rjwsacruncher_0.1.1"
2021-07-24,27,"rjwsacruncher","rjwsacruncher_0.1.1"
2021-07-25,12,"rjwsacruncher","rjwsacruncher_0.1.1"
2021-07-26,36,"rjwsacruncher","rjwsacruncher_0.1.1"
2021-07-27,13,"rjwsacruncher","rjwsacruncher_0.1.1"
2021-07-28,30,"rjwsacruncher","rjwsacruncher_0.1.1"
2021-07-29,6,"rjwsacruncher","rjwsacruncher_0.1.1"
2021-07-30,31,"rjwsacruncher","rjwsacruncher_0.1.1"
2021-07-31,4,"rjwsacruncher","rjwsacruncher_0.1.1"
2021-08-01,26,"rjwsacruncher","rjwsacruncher_0.1.1"
2021-08-02,9,"rjwsacruncher","rjwsacruncher_0.1.1"
2021-08-03,41,"rjwsacruncher","rjwsacruncher_0.1.1"
2021-08-04,104,"rjwsacruncher","rjwsacruncher_0.1.1"
2021-08-05,28,"rjwsacruncher","rjwsacruncher_0.1.1"
2021-08-06,4,"rjwsacruncher","rjwsacruncher_0.1.1"
2021-08-07,21,"rjwsacruncher","rjwsacruncher_0.1.1"
2021-08-08,7,"rjwsacruncher","rjwsacruncher_0.1.1"
2021-08-09,20,"rjwsacruncher","rjwsacruncher_0.1.1"
2021-08-10,14,"rjwsacruncher","rjwsacruncher_0.1.1"
2021-08-11,23,"rjwsacruncher","rjwsacruncher_0.1.1"
2021-08-12,7,"rjwsacruncher","rjwsacruncher_0.1.1"
2021-08-13,17,"rjwsacruncher","rjwsacruncher_0.1.1"
2021-08-14,5,"rjwsacruncher","rjwsacruncher_0.1.1"
2021-08-15,17,"rjwsacruncher","rjwsacruncher_0.1.1"
2021-08-16,3,"rjwsacruncher","rjwsacruncher_0.1.1"
2021-08-17,2,"rjwsacruncher","rjwsacruncher_0.1.1"
2021-08-18,14,"rjwsacruncher","rjwsacruncher_0.1.1"
2021-08-19,22,"rjwsacruncher","rjwsacruncher_0.1.1"
2021-08-20,4,"rjwsacruncher","rjwsacruncher_0.1.1"
2021-08-21,5,"rjwsacruncher","rjwsacruncher_0.1.1"
2021-08-22,8,"rjwsacruncher","rjwsacruncher_0.1.1"
2021-08-23,23,"rjwsacruncher","rjwsacruncher_0.1.1"
2021-08-24,8,"rjwsacruncher","rjwsacruncher_0.1.1"
2021-08-25,23,"rjwsacruncher","rjwsacruncher_0.1.1"
2021-08-26,12,"rjwsacruncher","rjwsacruncher_0.1.1"
2021-08-27,5,"rjwsacruncher","rjwsacruncher_0.1.1"
2021-08-28,16,"rjwsacruncher","rjwsacruncher_0.1.1"
2021-08-29,1,"rjwsacruncher","rjwsacruncher_0.1.1"
2021-08-30,7,"rjwsacruncher","rjwsacruncher_0.1.1"
2021-08-31,24,"rjwsacruncher","rjwsacruncher_0.1.1"
2021-09-01,14,"rjwsacruncher","rjwsacruncher_0.1.1"
2021-09-02,1,"rjwsacruncher","rjwsacruncher_0.1.1"
2021-09-03,21,"rjwsacruncher","rjwsacruncher_0.1.1"
2021-09-04,3,"rjwsacruncher","rjwsacruncher_0.1.1"
2021-09-05,2,"rjwsacruncher","rjwsacruncher_0.1.1"
2021-09-06,22,"rjwsacruncher","rjwsacruncher_0.1.1"
2021-09-07,11,"rjwsacruncher","rjwsacruncher_0.1.1"
2021-09-08,12,"rjwsacruncher","rjwsacruncher_0.1.1"
2021-09-09,7,"rjwsacruncher","rjwsacruncher_0.1.1"
2021-09-10,28,"rjwsacruncher","rjwsacruncher_0.1.1"
2021-09-11,10,"rjwsacruncher","rjwsacruncher_0.1.2"
2021-09-12,19,"rjwsacruncher","rjwsacruncher_0.1.2"
2021-09-13,13,"rjwsacruncher","rjwsacruncher_0.1.2"
2021-09-14,31,"rjwsacruncher","rjwsacruncher_0.1.2"
2021-09-15,13,"rjwsacruncher","rjwsacruncher_0.1.2"
2021-09-16,30,"rjwsacruncher","rjwsacruncher_0.1.2"
2021-09-17,3,"rjwsacruncher","rjwsacruncher_0.1.2"
2021-09-18,31,"rjwsacruncher","rjwsacruncher_0.1.2"
2021-09-19,4,"rjwsacruncher","rjwsacruncher_0.1.2"
2021-09-20,31,"rjwsacruncher","rjwsacruncher_0.1.2"
2021-09-21,4,"rjwsacruncher","rjwsacruncher_0.1.2"
2021-09-22,27,"rjwsacruncher","rjwsacruncher_0.1.2"
2021-09-23,8,"rjwsacruncher","rjwsacruncher_0.1.2"
2021-09-24,36,"rjwsacruncher","rjwsacruncher_0.1.2"
2021-09-25,3,"rjwsacruncher","rjwsacruncher_0.1.2"
2021-09-26,19,"rjwsacruncher","rjwsacruncher_0.1.2"
2021-09-27,19,"rjwsacruncher","rjwsacruncher_0.1.2"
2021-09-28,30,"rjwsacruncher","rjwsacruncher_0.1.2"
2021-09-29,21,"rjwsacruncher","rjwsacruncher_0.1.2"
2021-09-30,25,"rjwsacruncher","rjwsacruncher_0.1.2"
2021-10-01,14,"rjwsacruncher","rjwsacruncher_0.1.2"
2021-10-02,17,"rjwsacruncher","rjwsacruncher_0.1.2"
2021-10-03,4,"rjwsacruncher","rjwsacruncher_0.1.2"
2021-10-04,29,"rjwsacruncher","rjwsacruncher_0.1.2"
2021-10-05,35,"rjwsacruncher","rjwsacruncher_0.1.2"
2021-10-06,15,"rjwsacruncher","rjwsacruncher_0.1.2"
2021-10-07,20,"rjwsacruncher","rjwsacruncher_0.1.2"
2021-10-08,10,"rjwsacruncher","rjwsacruncher_0.1.2"
2021-10-09,20,"rjwsacruncher","rjwsacruncher_0.1.2"
2021-10-10,3,"rjwsacruncher","rjwsacruncher_0.1.2"
2021-10-11,22,"rjwsacruncher","rjwsacruncher_0.1.2"
2021-10-12,3,"rjwsacruncher","rjwsacruncher_0.1.2"
2021-10-13,22,"rjwsacruncher","rjwsacruncher_0.1.2"
2021-10-14,7,"rjwsacruncher","rjwsacruncher_0.1.2"
2021-10-15,16,"rjwsacruncher","rjwsacruncher_0.1.2"
2021-10-16,2,"rjwsacruncher","rjwsacruncher_0.1.2"
2021-10-17,19,"rjwsacruncher","rjwsacruncher_0.1.2"
2021-10-18,9,"rjwsacruncher","rjwsacruncher_0.1.2"
2021-10-19,17,"rjwsacruncher","rjwsacruncher_0.1.2"
2021-10-20,12,"rjwsacruncher","rjwsacruncher_0.1.2"
2021-10-21,16,"rjwsacruncher","rjwsacruncher_0.1.2"
2021-10-22,5,"rjwsacruncher","rjwsacruncher_0.1.2"
2021-10-23,19,"rjwsacruncher","rjwsacruncher_0.1.2"
2021-10-24,8,"rjwsacruncher","rjwsacruncher_0.1.2"
2021-10-25,27,"rjwsacruncher","rjwsacruncher_0.1.2"
2021-10-26,37,"rjwsacruncher","rjwsacruncher_0.1.2"
2021-10-27,77,"rjwsacruncher","rjwsacruncher_0.1.2"
2021-10-28,16,"rjwsacruncher","rjwsacruncher_0.1.2"
2021-10-29,21,"rjwsacruncher","rjwsacruncher_0.1.2"
2021-10-30,3,"rjwsacruncher","rjwsacruncher_0.1.2"
2021-10-31,20,"rjwsacruncher","rjwsacruncher_0.1.2"
2021-11-01,29,"rjwsacruncher","rjwsacruncher_0.1.2"
2021-11-02,28,"rjwsacruncher","rjwsacruncher_0.1.2"
2021-11-03,14,"rjwsacruncher","rjwsacruncher_0.1.2"
2021-11-04,34,"rjwsacruncher","rjwsacruncher_0.1.2"
2021-11-05,18,"rjwsacruncher","rjwsacruncher_0.1.2"
2021-11-06,22,"rjwsacruncher","rjwsacruncher_0.1.2"
2021-11-07,31,"rjwsacruncher","rjwsacruncher_0.1.2"
2021-11-08,60,"rjwsacruncher","rjwsacruncher_0.1.2"
2021-11-09,49,"rjwsacruncher","rjwsacruncher_0.1.2"
2021-11-10,70,"rjwsacruncher","rjwsacruncher_0.1.2"
2021-11-11,43,"rjwsacruncher","rjwsacruncher_0.1.2"
2021-11-12,23,"rjwsacruncher","rjwsacruncher_0.1.2"
2021-11-13,25,"rjwsacruncher","rjwsacruncher_0.1.2"
2021-11-14,9,"rjwsacruncher","rjwsacruncher_0.1.2"
2021-11-15,16,"rjwsacruncher","rjwsacruncher_0.1.2"
2021-11-16,6,"rjwsacruncher","rjwsacruncher_0.1.2"
2021-11-17,22,"rjwsacruncher","rjwsacruncher_0.1.2"
2021-11-18,5,"rjwsacruncher","rjwsacruncher_0.1.2"
2021-11-19,14,"rjwsacruncher","rjwsacruncher_0.1.2"
2021-11-20,7,"rjwsacruncher","rjwsacruncher_0.1.2"
2021-11-21,25,"rjwsacruncher","rjwsacruncher_0.1.2"
2021-11-22,10,"rjwsacruncher","rjwsacruncher_0.1.2"
2021-11-23,21,"rjwsacruncher","rjwsacruncher_0.1.2"
2021-11-24,12,"rjwsacruncher","rjwsacruncher_0.1.2"
2021-11-25,17,"rjwsacruncher","rjwsacruncher_0.1.2"
2021-11-26,4,"rjwsacruncher","rjwsacruncher_0.1.2"
2021-11-27,15,"rjwsacruncher","rjwsacruncher_0.1.2"
2021-11-28,2,"rjwsacruncher","rjwsacruncher_0.1.2"
2021-11-29,16,"rjwsacruncher","rjwsacruncher_0.1.2"
2021-11-30,9,"rjwsacruncher","rjwsacruncher_0.1.2"
2021-12-01,22,"rjwsacruncher","rjwsacruncher_0.1.2"
2021-12-02,8,"rjwsacruncher","rjwsacruncher_0.1.2"
2021-12-03,16,"rjwsacruncher","rjwsacruncher_0.1.2"
2021-12-04,3,"rjwsacruncher","rjwsacruncher_0.1.2"
2021-12-05,0,"rjwsacruncher","rjwsacruncher_0.1.2"
2021-12-06,0,"rjwsacruncher","rjwsacruncher_0.1.2"
